0;Aller toujours tout droit et viser l'église pour rejoindre le parking de la mairie (D/A).Points de [passage] : D/A : km 0 - alt.;passage
0;Après la Seconde Guerre mondiale , les [cirques] français s' associèrent à la radio et à la télévision , tels le Radio Circus puis Grand Cirque de France ( période 1949-1965 ) des Grüss-Jeannet et Pinder ORTF ( 1961-1969 ) avec le label de La Piste aux étoiles .;cirques
1;Cheminer sur un sentier en courbe de niveau, rendu parfois glissant en raison de l'humidité mais aménagé de mains courantes aux endroits les plus exposés et passer sur une passerelle pour enjamber un ruisseau qui tombe en [cascade]. ;cascade
0;Avant 23h00 , le client doit se présenter à un restaurant McDonald's et valider sa commande à l' une des [bornes] de commande ou borne « Easy Check-In » situées à l' intérieur du restaurant ( ou pour certains restaurants , à l' extérieur , au CEL Drive ) , le système déclenche le paiement et la préparation de la commande .;bornes
1;(3) du [col],  partir à droite dans les pierres, pour longer un moment l’ancien canal de mal cros, ensuite il n’y aura plus de balisage, mais juste des cairns.;col
1;On rejoint le [parking] cité plus haut après 300m.;parking
0;Le théâtre , la danse , la musique , le [cirque] et les arts de la rue sont privilégiés en donnant une priorité à la création contemporaine , avec une politique de résidences et de partenariats .;cirque
1;Rejoindre rapidement une petite [route] communale.;route
1;Le [sentier] est relativement bien balisé et des cairns jalonnent l'itinéraire jusqu'en haut.;sentier
1;(2) Quitter le chemin pour prendre le [sentier] de droite qui monte à travers les buis.;sentier
0;De nombreuses [églises] anglo-saxonnes presbytériennes et baptistes réformées l' utilisent .;églises
0;La [balise] J1 est de couleur blanche .;balise
1;La montée est progressive via de grands [lacets] et suit la face Sud du Sirac.;lacets
1;"Suivre ce [sentier] sur 500m jusqu'à trouver une piste au lieu dit ""le Creux Froid"".";sentier
0;Parvenir à un nouveau [passage] délicat, équipé de quelques câbles, au Pas de la Fenêtre.;passage
0;Les terrasses en bois sont majoritairement construites dans le prolongement d' un espace de vie , telle la salle à manger ou une chambre , ou sur le sol d' une pièce existante comme un [balcon] ou une véranda .;balcon
1;(d) prendre est puis sud la d269c (route de bresson), la quitter au premier carrefour pour prendre à gauche la [ruelle] (balisage jaune), elle se transforme rapidement en sentier pour desservir le lieu-dit le flandru.;ruelle
0;Un [belvédère] baroque typique est celui de Vienne .;belvédère
0;Le terme désigne un lieu d' où l' on a une belle vue et où on peut surveiller les environs , il est l' équivalent du terme d' origine italienne [belvédère] .;belvédère
0;Le reste de la descente s’effectue par l’itinéraire de [montée] pour revenir aux Ruines du Hameau du Rif Bruyant (1) puis au parking(D/A).Points de passage : D/A : km 0 - alt.;montée
0;Les [bornes] paires sont situées sur le périphérique extérieur et les bornes impaires sur le périphérique intérieur .;bornes
0;Il rédige sa thèse « Alliances entre firmes et course technologique : éléments théoriques et application a l' industrie des [circuits] intégrés standards » sous la direction de Jean-Louis Mucchielli .;circuits
0;On distingue ainsi les [brèches] en milieu cassant , composées de fragments de taille variable , pouvant aller jusqu' à la farine de roche. ;brèches
0;La [pente] longitudinale maximum est de 4 % .;pente
0;En 2009 , 110 467 infractions ont été constatées , en chute de 49 % par rapport à 2008 et de -67 % par rapport au [pic] de 2006 , , .;pic
1;Accéder au [parking] depuis la vallée du Champsaur, après Pont du Fossé, sur la gauche - aller jusqu'au bout de la route.;parking
0;Toujours en intérieur , une patinoire dédiée aux loisirs sera accolée au [bâtiment] , avec en complément des salles pour divers sports , des commerces et des espaces de co-working .;bâtiment
0;(1) Dès que vous avez le Puy de la Chaumette un peu dans votre dos, prendre garde à ne [pas] rater le GR qui monte en lacets courts jusqu'à longer sous la crête du Puy Rivarol.;pas
0;La gare de Vincennes est la [gare de bifurcation] des deux branches orientales de la ligne .;gare de bifurcation
0;Les télésièges sont également utilisés hors de domaines skiables pour accéder à des [belvédères] .;belvédères
1;(1) Prendre à gauche le GRP pour rejoindre le [parking] (D/A).Points de passage : D/A : km 0 - alt.;parking
0;Circuit Denecourt-Colinet n ° 16 de 13 km se situe dans le massif des Trois Pignons et est appelé également circuit des [belvédères] .;belvédères
1;"alternative possible pour le retour à partir des points (7) ou (8) : descendre jusqu'au ""recoin"" par les pistes et rejoindre ""roche-béranger"" par la [route]. Points de passage : d/a : km 0 - alt.";route
0;Cet outil serait à la disposition des chefs de régulation et servirait à les alerter lorsque l’heure d’arrivée des trains constatée aux gares en amont de la [bifurcation] laisserait prévoir un conflit de signalisation à ce point , voire un déclassement entre missions , source de perturbations .;bifurcation
1;(d) le départ de la randonnée se fait par le chemin carrossable non goudronné qui mène à un snack-bar (1) au milieu des pistes (ou couper à travers les [pistes de ski]).;pistes de ski
1;(D/A) En sortant du [parking],  prendre le GR54 à droite et suivre le chemin.;parking
1;(1) Retrouver à gauche le GR54, c'est le deuxième [chemin],  le premier étant le GR50-GR54C.;chemin
1;Le [bâtiment] présente trois façades , dont la plus longue , avec quatre travées et la porte d' entrée , donne sur le boulevard et la plus majestueuse sur la place .;bâtiment
1;Aller toujours tout droit et viser l'[église] pour rejoindre le parking de la mairie  (D/A).Points de passage : D/A : km 0 - alt.;église
0;La pratique du [boulevard] en urbanisme débute surtout à Paris au XVIIIe siècle , avec le contournement possible des enceintes , puis s' accélère sous le Second Empire avec la politique haussmannienne d' aération urbaine ( axes de promenades ) .;boulevard
1;C' est d'abord une voie de grande circulation pourvue de trois voies automobiles et un [couloir] de bus .;couloir
0;Dans la Bible , c' est une colombe que Noé envoie depuis son [arche] pour savoir si les eaux se sont retirées de la terre après le déluge .;arche
1;(1) avant celui-ci descendre par la droite pour rejoindre la d269c, traverser bresson, couper par le château pour rejoindre au niveau du réservoir la [piste] qui part en forêt.;piste
1;La [pente] s'accentue, le chemin est bien empierré.;pente
0;Les procédés d' étanchéité les plus « simples » consistent à appliquer deux ou trois couches d' une résine polyuréthane ou méthacrylique mono-composant sur un primaire d' accrochage sur les [balcons] , loggias ou escaliers .;balcons
1;Du lac rependre un [sentier] NE qui va nous amener à passer sous des lignes à haute tension (8).;sentier
1;Du lac rependre un sentier NE qui va nous amener à passer sous des [lignes] à haute tension (8).;lignes
0;De nombreux [bâtiments] sont construits en briques de couleur rouge-orangé ou brun foncé comme à Downing Street , décorés de ciselures et de moulures .;bâtiments
1;Prendre à droite le [sentier] qui, par une légère montée, rejoint le Col de la Petite Vache.;sentier
1;Dans le psaume 80 le psalmiste qui s' adresse à Dieu demande : « Pourquoi as -tu donc fait des [brèches] à ses murs , pour que tous les passants la vendangent ?;brèches
1;(1) Passer ensuite entre les [maisons] en pierres de l’ancien hameau de Rif Bruyant.;maisons
0;Attention, le marché hebdomadaire est le mardi donc [pas] de stationnement ce jour là.;pas
0;Toutefois , le football prend racine dans les villes ( premier club fondé en 1887 : SC Germania Hambourg ) où ouvriers et [cols] blancs se rassemblent autour d' une passion commune .;cols
1;Se garer vers les Chalets Margot, sur un petit parking à gauche de la [route] dans un virage.;route
1;Monter d'abord en forêt (sentier en corniche), puis en longeant le [déversoir des lacs], par des lacets, la dernière pente qui constitue le verrou.;déversoir des lacs
1;(1) Dès que vous avez le Puy de la Chaumette un peu dans votre dos, prendre garde à ne  pas  rater le GR qui monte en [lacets] courts jusqu'à longer sous la crête du Puy Rivarol.;lacets
1;plonger dans la descente en direction de chaillol station - le chevalet, toujours par le même [sentier] qu’à la montée.;sentier
1;Suivre ensuite un [sentier] presque constamment bon.;sentier
0;En France 90 villes françaises ont éliminé les [cirques] utilisant des animaux captifs à des fins commerciales .;cirques
0;L' intérêt de [balises] de virage doit être examiné au cas par cas , pour les réserver aux virages qui peuvent être mal évalués par les automobilistes .;balises
1;En arrivant à Superdévoluy, dans le [rond-point], prendre la troisième sortie puis la route qui passe devant l'hôtel des Chardonnelles et part vers le Sud.;rond-point
0;Un [chemin] de fer à crémaillère est un système de transport par trains évoluant sur une ligne de voie ferrée où les deux rails parallèles en acier sont complétés par un troisième rail central denté .;chemin
0;(5) redescendre au col de côte longue(4) puis au col de la pisse(3) par le même [chemin] qu’à la montée.;chemin
0;Il est composé d' une référence à un relief , le « Val » , qui peut être considéré comme un « label » , associé au nom d' un [chalet] et d' un alpage , Thorens .;chalet
0;Porte en [bois] sculptée avec des sphinx ailés de part et d' autre des poignées de porte .;bois
1;Deux [bornes] milliaires gallo-romaines situées sous le passage voûté viennent rappeler que l' antique voie romaine reliant Mediolanum Santonum à Burdigala passait à Pons .;bornes
1;(7) Entrer dans cette combe, le [chemin] devient un peu délicat car il est dégradé et il traverse des pentes raides.;chemin
1;a ce point, laisser le sentier qui part sur la droite et bien suivre le balisage du gr rouge et blanc qui part à gauche à travers les [rochers].;rochers
0;Le mot «[parking]» n' a pas ce sens dans la langue anglaise et constitue donc un faux anglicisme : en anglais , on utilise les termes de « car park » au Royaume-Uni et en Irlande , et « parking lot » ou « parking garage » en Amérique du Nord anglophone pour désigner respectivement un parking de surface et un parking d' ouvrage .;parking
0;Le reste de la [descente] s’effectue par l’itinéraire de montée pour revenir aux Ruines du Hameau du Rif Bruyant (1) puis au parking (D/A). Points de passage : D/A : km 0 - alt.;descente
1;Il présente plusieurs [belvédères] offrant autant de panorama .;belvédères
1;(1) Traverser la route pour prendre en face le [chemin] qui monte à travers la prairie et devient pratiquement horizontal.;chemin
0;Le contact avec l' extérieur est favorisé par les baies vitrées et des [balcons] surélevés .;balcons
0;Les remontées mécaniques sont également utilisées pour accéder à des points isolés tels les [belvédères] .;belvédères
0;Le bâtiment forme une [arche] moderne aux couleurs de la brique .;arche
0;Les scouts sont amenés à fabriquer des [cabanes] soit pour s' abriter , soit pour ranger des outils , des vêtements , etc .;cabanes
0;CSS3 : Le développement du troisième niveau des feuilles de styles en [cascade] commence dès 1999 , parallèlement à celui de CSS 2.1 .;cascade
0;Le lieu se veut dans le style des théâtres à l' italienne constitués de plusieurs [balcons] autour d’un parterre central .;balcons
0;La réalisation de cet aménagement des anciens [boulevards] n' était pas terminée en 1760.;boulevards
1;quelques mètres plus loin le vrai [sommet] (3163m) offre des vues époustouflantes.;sommet
1;(d) le départ de la randonnée se fait par le chemin carrossable non goudronné qui mène à un [snack-bar] (1) au milieu des pistes (ou couper à travers les pistes de ski).;snack-bar
0;Ces appareils étaient essentiellement utilisés pour accéder à un [belvédère] ou un territoire communal au relief difficile .;belvédère
0;certains mégalithes et menhirs ont servi de [borne frontière] :  la pierre des douze apôtres de meisenthal  qui marque la frontière entre l'alsace et la lorraine et dont le nom local est breitenstein (ce qui peut se traduire par pierre frontière) en est un exemple.;borne frontière
1;Au fond de la chambre , à l' ouest , la cuve en granit ( haute d' un mètre , longue de 2 , 30 m et large de 0 , 89 m ) posée sur le sol présente des traces de scie et une [brèche] à un angle , probablement l' œuvre de pilleurs de tombes qui ont tout emporté alors que le couvercle , jamais découvert , devait être encore en place ( les rebords du sarcophage montrent un dispositif d' encastrement qui est la preuve de l' existence de ce couvercle ) .;brèche
1;En cherchant à retrouver la trace des kidnappeurs , ils aperçoivent une camionnette en équilibre précaire sur un pont qui arbore une [croix] blanche comme la voiture qu' ils poursuivaient .;croix
1;(4) Faites demi-tour et descendez par le même chemin jusqu'au [carrefour].;carrefour
1;(4) A partir de ce [chalet] quitter la piste à gauche et longer la forêt sur 100m pour retrouver une trace qui part sur la gauche et rejoint le GRP 50m plus loin.;chalet
1;Accéder au parking depuis la vallée du Champsaur, après Pont du Fossé, sur la gauche - aller jusqu'au bout de la [route]. ;route
0;Longer la  route toujours dans la même direction jusqu'à une intersection de chemins avec présence de [panneaux] de randonnée.;panneaux
1;De là toujours NE on se dirigera vers le village de Lachat (9)que l'on traversera pour trouver un sentier qui va nous conduire jusqu'à une [route] (10).;route
1;Arrivé à une [intersection], rester sur la droite pour suivre la rue qui redescend et débouche sur l'Avenue Maurice Thorez.;intersection
0;nécessaire , exception faite de plusieurs villes du sud de la France telles que Marseille ou Toulon , où de nombreuses voies portant le titre de [boulevard] ne sont en réalité que d' étroites rues sans plantations , voire carrément des impasses .;boulevard
1;Celle décrite ici passe par le chemin bien visible du [parking] qui part plein Sud dans la prairie et monte sur 200m environ (7) avant de redescendre dans l'alpage où carte et boussole sont nécessaires pour se diriger de clairière en clairière (encore une fois la route n'est jamais très loin donc aucun risque de se perdre).;parking
0;Chaque étape stylistique importante ( Renaissance , baroque , classicisme , romantisme , et d’une certaine façon modernisme ) , porte ainsi en elle une ou plusieurs [bifurcations] esthétiques .;bifurcations
1;(2) Entamer une courte [descente] dans une partie schisteuse sur un  sentier étroit et parfois un peu délicat jusqu'à atteindre le fond du vallon de Gouiran (mares à sec).;descente
1;(12) Suivre le GRP en partant en oblique dans la [pente] en direction du Nord, faire un ou deux lacets et parvenir au sommet des remontées du Sommarel.;pente
1;(d) prendre est puis sud la d269c (route de bresson), la quitter au premier carrefour pour prendre à gauche la ruelle (balisage jaune), elle se transforme rapidement en [sentier] pour desservir le lieu-dit le flandru.;sentier
1;Retour: Traverser le torrent au niveau de refuge et redescendre rive droite, en traversant quelques bois, jusqu'au [parking]. ;parking
1;Cheminer sur un sentier en courbe de niveau, rendu parfois glissant en raison de l'humidité mais aménagé de mains courantes aux endroits les plus exposés et passer sur une [passerelle] pour enjamber un ruisseau qui tombe en cascade.;passerelle
0;Les noms de [cabane] et baraque ont été utilisés l' un comme l' autre lors des colonisations , et ont servi à former des noms de lieux .;cabane
1;(5) Pour la descente, revenir sur ses pas pour une bonne centaine de mètres de dénivelé pour rejoindre le [carrefour de montée].;carrefour de montée
0;Le mouvement se répand en Grande-Bretagne où les [cimetières] regorgent de croix celtiques sur des tombes appartenant à des familles bien britanniques .;cimetières
1;au niveau du [snack-bar], suivre le chemin carrossable jusqu'à la première épingle et prendre alors le sentier qui part sur la droite (2) (présence de nombreux panneaux directionnels jusqu'au lac achard.;snack-bar
0;prendre à gauche la direction du col de la pisse sur le sentier balisé jaune et rouge, ce sentier chemine dans la forêt en montée progressive mais [pas] trop prononcée.;pas
1;Retour: Traverser le torrent au niveau de refuge et redescendre rive droite, en traversant quelques [bois],  jusqu'au parking.;bois
1;Du [lac] rependre un sentier NE qui va nous amener à passer sous des lignes à haute tension (8).;lac
1;(9) Continuer en face, ignorer le [sentier] à droite, et atteindre le sommet du Pic de Bure.;sentier
1;(1) Traverser la [route] pour prendre en face le chemin qui monte à travers la prairie et devient pratiquement horizontal.;route
0;Ce parc de stationnement peut être payant ou gratuit , de surface ou en ouvrage , avec ou sans [barrières] , gardé ou non .;barrières
1;Monter d'abord en forêt (sentier en corniche), puis en longeant le déversoir des lacs, par des [lacets], la dernière pente qui constitue le verrou.;lacets
1;après avoir profité du lac, se diriger vers le bout du [lac] d'où part un sentier qui monte vers le col de l'infernet (4).;lac
0;Certains axes de grande circulation créés à Paris dans les années 1850 ont reçu le nom de « [boulevard] » alors qu' ils n' occupent pas l' emplacement d' anciennes fortification.;boulevard
0;Plusieurs manœuvres sont alors effectuées : Les moteurs de contrôle d' orientation du véhicule de rentrée sont préchauffés et le [circuit] de régulation thermique est purgé tandis que la sonde recale son orientation en utilisant son viseur d' étoiles .;circuit
0;La mode des [cabanes] dans les arbres est apparue avec le nouveau siècle .;cabanes
0;Ses principales activités sont le greffage , jardinage , art floral , plantes potagères , fuchsias , orchidées , arboriculture fruitière , plantes vivaces , [bassins] et plantes aquatiques et parasitologie .;bassins
0;La [barre] de 10 étages passe de 148 logements dégradés à 107 logements rénovés .;barre
1;(2) Arrivé au niveau d'un lavoir, suivre la [route] à gauche qui descend et continuer sur cette route en ignorant un chemin qui part à droite.;route
1;Avancer dans le chemin sous les arbres, traverser un petit ruisseau et continuer en [rive] droite du torrent jusqu'à le traverser sur la droite.;rive
1;D' autres cours d’eau importants sont tributaires de ces derniers ou forment des [bassins] versants indépendants en tant que fleuves côtiers comme le Tabou , le Néro , le San-Pedro , le Bolo , le Niouniourou , le Boubo , l' Agnéby , la Mé , la Bia .;bassins
0;En conséquence , les règles DTU imposent que l’orifice de la cheminée soit à la hauteur du faîtage pour toit à fortes [pentes] , le dépasse de 0 , 40 m pour toit à faibles pentes , dépasse de 1 m l’acrotère d’un toit terrasse et qu’il n’y ait pas d’obstacle par un corps de bâtiment ou autre qui dépasse la souche dans une distance de 8 m .;pentes
0; place de l' Abbaye qui comportait encore des vestiges de l' ancienne abbaye Sainte-Claire , etc . Signalons enfin de nombreuses rues et passages étroits , parfois couverts , des venelles , avec des [arches] de soutènement comme à Sommières .;arches
0;Elle est utilisée dans la signalisation des [bifurcations] , en particulier lorsqu' il existe une différence de niveau entre les chaussées .;bifurcations
0;1811 : ouverture des [chemins] de fer à crémaillère des mines de charbon situées à Wigan et Newcastle en Angleterre conçus par l' ingénieur John Blenkinsop .;chemins
1;Celle décrite ici passe par le [chemin] bien visible du parking qui part plein Sud dans la prairie et monte sur 200m environ (7) avant de redescendre dans l'alpage où carte et boussole sont nécessaires pour se diriger de clairière en clairière (encore une fois la route n'est jamais très loin donc aucun risque de se perdre).;chemin
0;À pleine vitesse , la tension aux [bornes] de chaque bobine pouvant être bien supérieure à 6 V avec une fréquence de 140 Hz , la tension est donc régulée par un transformateur .;bornes
0;On distingue les parcs de stationnement dans un immeuble bâti , des parcs de stationnement aménagés sous ou sur le [bâtiment] .;bâtiment
1;Au niveau du snack-bar, suivre le chemin carrossable jusqu'à la première épingle et prendre alors le [sentier] qui part sur la droite (2) (présence de nombreux panneaux directionnels jusqu'au Lac Achard.;sentier
1;Dessus de porte sculpté représentant trois enfants nus avec vigne , supportant le [balcon] du premier étage par le sculpteur Aimé Octobre , qui fut premier grand prix de Rome .;balcon
1;ons modestes édifié au XVIIIe siècle et est agrémenté d' une orangerie ( de 1903 à 1940 et à nouveau depuis les années 1990 , transformée en espace d' expositions artistiques ) , ainsi qu' une riche [bambouseraie] le jardin panoramique , situé en hauteur , sur le quartier du Coteau , ce jardin de 1 , 66 hectare offre une vue panoramique sur toute la commune et au-delà , jusqu' à Paris  le jardin ;bambouseraie
1;au niveau du snack-bar, suivre le chemin carrossable jusqu'à la première [épingle] et prendre alors le sentier qui part sur la droite (2) (présence de nombreux panneaux directionnels jusqu'au lac achard.;épingle
0; localités au bord de la mer Adriatique , le port maritime d' Ancône et neuf ports de plaisance  500 places et plus de mille monuments significatifs  une centaine de villes d' arts , des milliers d' [églises] , dont 200 romanes , et 163 sanctuaires , 34 sites archéologiques , 71 théâtres historiques  la plus grande densité , en Italie , de musées et de pinacothèques ( 265 sur 265 communes ) , 315 ;églises
0;Sur un [circuit] automobile , les virages pimentent la course et assurent le spectacle .;circuit
0;Le premier pont a probablement été un arbre renversé par le vent au dessus d' un cours d' eau ou une [arche] naturelle , sculptée dans la roche par l’érosion , comme il s' en trouve en Ardèche en France ou dans le parc national des Arches , en Utah , dans l' Ouest américain .;arche
1;(d/a) depuis l’office de tourisme, prendre en face sur la piste et passer sous le [téléski].;téléski
1;Prendre à droite en direction du [parc] puis tout de suite monter à gauche sur un sentier sur 150m, puis bifurquer (9) sur le sentier qui part à gauche.;parc
1;(2) Arrivé au niveau d'un [lavoir], suivre la route à gauche qui descend et continuer sur cette route en ignorant un chemin qui part à droite.;lavoir
0;La métropole installera une [passerelle] vélo de 24 mètres pour assurer la continuité cyclable .;passerelle
1;A cet endroit on aperçoit la  route  et un petit [parking] (6) où nous reviendrons tout à l'heure.;parking
0;   Parking à étages    Un parking à étages , aussi nommé parking silo , est un [bâtiment] construit en extérieur .;bâtiment
0;Continuer sur cette piste en restant bien sur les parties gravillonnées pour ne [pas] fâcher certains patineurs grincheux.;pas
1;(8) Virer à droite et traverser le [parking].;parking
0;Traverser la route pour rejoindre le foyer de fond et le parking de départ.Points de [passage] : D/A : km 0 - alt.;passage
1;Traverser celle-ci et deux solutions sont possibles, prendre la trace à flanc de coteau par la gauche (à éviter par temps humide) ou bien afin de jouir du panorama sur le [lac] longer la route le long de la bordure en béton côté route s'il n'y a pas de circulation ou côté herbe plus tranquille.;lac
1;(D) Depuis le parking, prendre plein Nord la [route] forestière goudronnée.;route
1;(13) Passer alors [rive] gauche et reprendre un sentier plus en courbe de niveau, qui oscille entre pierriers, bois et prés, passer en face du Hameau du Casset.;rive
0;De cet endroit prendre le sentier NW qui va nous conduire en un peu plus d'un kilomètre jusqu'au Lac Noir (7), sur le [trajet] remarquer les anciennes bornes frontière entre le Dauphiné et la Savoie.;trajet
1;(5) de la cabane, partir à gauche sur le sentier à [flanc de montagne] qui passe par les vestiges du canal et emmène jusqu'au lac de mal cros.;flanc de montagne
0;Le [chalet] est un bâtiment rural des régions de montagne , dont le bois est l' élément essentiel .;chalet
1;Le départ se situe sur le  parking  au Sud du [foyer] de ski de fond.;foyer
0;Elle porte une bande rétroréfléchissante ( collier ) blanche de classe 2 de 200 mm de hauteur placée à 300 mm du haut de la [balise] .;balise
1;En laissant les Fermes à main gauche, poursuivre sur le  sentier vers une première [balise] puis le sentier devient moins marqué mais on aperçoit un peu plus haut une deuxième balise(5) que l'on rejoint à vue.;balise
1;(2) Reprendre l'itinéraire aller pour rejoindre le [parking] (D/A).Points de passage : D/A : km 0 - alt.;parking
0;À noter que dans la banlieue nord de la ville et en Beauce , sur la rive sud du fleuve , régions beaucoup plus abritées du vent soufflant fréquemment dans la vallée du Saint-Laurent , la température peut descendre exceptionnellement à -45 ° C et monter à 35 durant la belle saison , passant la [barre] des 30 degrés jusqu' à vingt fois par été alors que la ville voit cette marque brisée de quinze fois durant la saison estivale , l' aéroport situé en banlieue l' atteignant cinq fois en moyenne .;barre
1;A l'embranchement suivant, prendre de nouveau le chemin de droite, toujours en direction du [belvédère]. ;belvédère
1;En suivant la [route] on va passer à Cor de Chasse (11) puis à Marie Bey (12) et ainsi de suite en restant attentif au balisage on revient à Saint Andre.Points de passage : D/A : km 0 - alt.;route
0;Des découvertes importantes dans le domaine de la physique nucléaire ont permis et permettent encore des évolutions en [cascades] dans les techniques de l' information et de l' électronique .;cascades
1;Le reste de la descente s’effectue par l’itinéraire de montée pour revenir aux Ruines du Hameau du Rif Bruyant (1) puis au [parking] (D/A). Points de passage : D/A : km 0 - alt.;parking
0;Un [balcon] ( de l' italien balcone , lui-même peut-être issu du persan -bal-khané-  signifiant « pièce en hauteur » ) est un élément d' architecture consistant en une plate-forme se dégageant du mur d' un édifice .;balcon
1;En remontant sur la fin de quelques mètres, atteindre un petit [col] entre les pentes Nord du Pied Gros et le Bonnet Rouge.;col
0;une [borne frontière] est une borne géographique matérialisant le passage d'une frontière.;borne frontière
1;(2) Prendre le [chemin] à droite, en direction du Sud-Ouest.;chemin
1;Franchir le [col] et descendre en suivant le balisage GR dans cet univers totalement minéral.;col
0;No 64 : [balcon] du second étage avec balustrade en pierre , supporté d' un côté par une tête de femme et de l' autre par une tête d' homme .;balcon
1;Prendre à droite le sentier qui, par une légère [montée],  rejoint le Col de la Petite Vache.;montée
0;Les premiers ouvrages en béton armé utilisaient des [barres] lisses en acier doux , par la suite les barres furent constituées d' acier haute adhérence ( HA ) comprenant des aspérités et ayant une meilleure résistance .;barres
0;(D/A) Emprunter le chemin, assez bien marqué avec ici et là des traces de peinture qui suit de près le lit du Torrent des Pertusets (en général, le nom de [torrent] est bien excessif car il s'agit plutôt d'un mince filet d'eau!).;torrent
1;Rejoindre une petite route bordée de [maison] construites en pleine pente sur des pilotis.;maison
1;la partie sommitale est plus facile et, arrivé au [sommet],  à gauche il y a un petit abri avec une cache pour le livre d’or.;sommet
1;Longer la [route] toujours dans la même direction jusqu'à une intersection de chemins avec présence de panneaux de randonnée.;route
1;(5) Continuer, toujours en descente, par un bon [sentier] régulier et caillouteux fait de nombreux lacets, jusqu'à passer le Torrent de Vallonpierre.;sentier
1;Au premier [embranchement],  continuer à droite sur le sentier principal puis faire de même au deuxième.;embranchement
0;Pour l' édification du [bâtiment] contenant la salle de prière , le minaret et la madrasa , douze grues à tour de 220 t / m et huit grues mobiles ont été installées .;bâtiment
0;Ce sont des [bifurcations] oscillantes , comme l' attracteur de Lorenz .;bifurcations
0;Il s' agit d' un complexe de 1200 lits en appartements et mini [chalets] .;chalets
0;continuer à monter environ 500 mètres pour arriver à la cabane des parisiens, dernier [rempart] avant le sommet.;rempart
1;(D) Partir par la petite [route] qui démarre en face de la sortie du parking en direction de Côte Raget.;route
0;Le nombre d' immeubles à démolir serait réduit et cette voie à grande circulation ne comporterait [pas] de croisement à niveau avec la voirie actuelle .;pas
0;On retrouve bientôt l'intersection des deux cols rencontrée à la montée (WP2), puis le Pas de l'Ane ramène rapidement au Col de la Charmette(D/A).Points de [passage] : D/A : km 0 - alt.;passage
1;Monter dans le [chemin] à travers une lande (myrtilliers).;chemin
1;Ce [chemin] est le GR50-GR54, le continuer, laisser passer un chemin à droite, pour arriver au Col du Souchet.;chemin
0;Les premiers ouvrages en béton armé utilisaient des barres lisses en acier doux , par la suite les [barres] furent constituées d' acier haute adhérence ( HA ) comprenant des aspérités et ayant une meilleure résistance .;barres
1;Deux terrains de [camping] , dont l' un est municipal , sont situés à l' ouest de la ville , l' un en bordure du vallon de la Soute , aux portes du centre-ville , le second se trouve dans le secteur de Coudenne , à proximité de l' échangeur autoroutier et du tout nouveau parc commercial .;camping
0;La partie intérieure abritera un [bassin] olympique de 50 mètres 10 couloirs , un bassin d' apprentissage et de chauffe ainsi qu' un toboggan , des jeux , un espace bien-être , 700 places fixes en gradins et 800 places modulables selon les compétitions .;bassin
0;Des [bornes] d' appel d' urgence ( BAU ) au nombre de 166 sont implantées régulièrement à raison d' une borne tous les 500 mètres ( tous les 250 mètres dans les souterrains )  elles donnent lieu à 7 000 appels par an .;bornes
1;(4) Faites demi-tour et descendez par le même [chemin] jusqu'au carrefour.;chemin
1;Reprendre le sentier en sens inverse jusqu'au [carrefour] précédent.;carrefour
1;(3) Prendre le [sentier] de gauche en direction de l'Aigue (attention les panneaux d'indication sont trompeurs, il faut bien prendre le chemin en direction du Sud-Est.;sentier
0;Aux États-Unis , l’ingénieur Sylvester Marsh dépose un brevet de [chemin] de fer à crémaillère ( roue dentée verticale et rail en forme d' échelle avec dents rivées de type barreau à section ronde ) .;chemin
0;Un [boulevard] a le même rôle qu' un bastion ou un rempart .;boulevard
1;Atteindre le [col] entre les Prêtres et la Tête d'Oriol.;col
0;Pour assurer la sécurité du personnel et faciliter leur travail , la plupart des pylônes disposent d' un accès par échelle et de [passerelles] de circulation avec garde-corps au niveau des balanciers .;passerelles
0;Il comportait à l' origine 22 [arches] , il n' en reste que quatre .;arches
0;La réalisation de cet aménagement des anciens boulevards n' était [pas] terminée en 1760.;pas
0;Les bornes paires sont situées sur le périphérique extérieur et les [bornes] impaires sur le périphérique intérieur .;bornes
0;L' hôtellerie de plein air ou « camping village » ( c' est à la fois les terrains de camping et les parcs résidentiels de loisirs ) » proposent en plus de leurs emplacements de camping des maisons mobiles , des bungalows , des écogites et des [chalets] en location ou parfois à la vente .;chalets
1;(2) Traverser la D143 et prendre le [chemin] en face.;chemin
0;Il l’inaugure en Suisse en 1871 avec l’ouverture du Rigi Bahnen ( tronçon Vitznau - Rigi Staffel ) , premier [chemin] de fer à crémaillère d' Europe , .;chemin
0;En France , avant mi-2013 , au moins la moitié des restaurants propose le service à table avec la présence de personnels et de [bornes] automatiques de commandes .;bornes
1;Les deux cabanes tchanquées de l' île aux Oiseaux , situées sur la commune de La Teste-de-Buch , sont devenues l' emblème du [bassin] et constituent , avec la dune du Pilat , l' un des motifs les plus représentés .;bassin
1;En effet, par moment le sentier se dédouble et si vous poursuivez les traces les plus évidentes (qui sont hors GR) il vous faudrait alors, quelques centaines de mètres plus loin, remonter à flanc hors sentier pour rejoindre le GR (qui reste visible tout comme le [col]).;col
1;(d/a) depuis l’office de tourisme , prendre en face sur la [piste] et passer sous le téléski. ;piste
0;Entre 1968 et 1975 , la ville progresse à peine , elle passe à 4 878 habitants , gagnant 64 habitants seulement , et enregistrant son [pic] de population pour tout le XXe siècle .;pic
0;Le développement de la crémaillère    En parallèle du développement de la traction par câble , pour s’affranchir de la [pente] et de l’adhérence limitée des roues en acier sur les rails des chemins de fer , on développe une technique adaptée d’un principe connu depuis l’antiquité : la crémaillère .;pente
0;(7) Obliquer Sud-Est et descendre au mieux de larges pentes peu raides, qui conduisent à la bergerie puis à la bifurcation repérée à la [montée]. ;montée
0;Ce [bâtiment] hémisphérique à colonnades comprend les salles de classe , des salles de réunions et un appartement royal autour d' une cour intérieure .;bâtiment
1;Une fois au col, ignorer le [sentier] en face et celui qui redescend dans le vallon que l'on vient d'emprunter.;sentier
0;2005 : Création d' une crèche au pied du bâtiment 3 des Bosquets , impliquant la démolition de 6 logements de la [barre] de 10 étages.Démolition d' une tour de 61 logements sociaux à l' Étang Beauclair ( 8 allée Albert Camus ) .;barre
1;(D/A) En sortant du parking, prendre le GR54 à droite et suivre le [chemin].;chemin
0;Ce projet en tant que tel n' aboutira [pas] en tant que rocade sans croisement à niveau , mais certains tronçons seront aménagés .;pas
1;Rejoindre une petite route bordée de maison construites en pleine [pente] sur des pilotis.;pente
0;  Étymologie   Le substantif féminin , , « [cabane] » est un emprunt au provençal cabana ( « [cabane] , chaumière » ) , lui-même issu du bas latin capanna .;cabane
1;Le 2 mars 1660 , Louis XIV fait symboliquement son entrée dans Marseille par une [brèche] ouverte dans les remparts , comme si la ville était conquise .;brèche
0;La plupart des funiculaires disposent d' une voie unique qui comporte en son centre une section doublée pour le [croisement] .;croisement
0;Publié comme une recommandation en mai 1998 , le second niveau de CSS étend considérablement les possibilités théoriques des feuilles de styles en [cascade] , avec en particulier environ 70 propriétés supplémentaires .;cascade
1;(D/A) Du fond du [parking],  grimper en empruntant une sente qui démarre derrière un poste de transformation EDF.;parking
1;"Arrivé au refuge de Gève, prendre la direction ""Stèle de l'avion"" par la voie empierrée en laissant le [chemin] de droite.";chemin
1;A la prochaine [fourche],  virer sur la gauche.;fourche
1;Une traversée horizontale ou en très légère descente permet d'accéder au fond du [vallon] pour retrouver un excellent chemin qui est à nouveau le GRP.;vallon
0;Il peut également servir en cas de démarrage en [côte] , pour empêcher la voiture de reculer ( en effet , il est impossible dans cette situation d' utiliser le frein à pied classique , un pied étant sur la pédale d' embrayage et l' autre sur l' accélérateur ) .;côte
1;Parvenir au [col] croisement avec le sentier de la Combe d'Aurouze.;col
1;D/A) Monter en direction de l'[église] puis prendre la route à droite.;église
1;"Au pied du ""Mont Saint Mury"" suivre le [sentier] en versant opposé en direction du ""Refuge du Pré Molard"".";sentier
1;(5) prendre à gauche de la cabane et commencer la montée vers le [sommet].;sommet
0;Il s' agit d' un ensemble de [boulevards] urbains , possédant des croisements standards avec les autres rues ou des tunnels sous certains grands axes de pénétration et où la vitesse est limitée à 50 km / h .;boulevards
0;En 1536 , on entreprend les premiers travaux , mais c' est après le siège de Metz par les armées de Charles Quint ( 1552 ) que les autorités parisiennes réalisent que le rempart de Charles V , en rive droite de la Seine , ne peut [pas] les protéger d' une attaque des Impériaux , venant du nord ou de l' est .;pas
0;(6) S'engager dans le Vallon des Narrites, le suivre au mieux, grâce à de bonnes traces de sentier [pas] tout à fait continues.;pas
1;Il dessine une grande courbe sur la droite pour aboutir à un [carrefour] en T.;carrefour
0;C' est le cas dans quelques [églises] du même type en France , en Suisse et en Italie .;églises
1;(6) Arrivé au niveau d'un groupe de villas et d'un immeuble, traverser l'Avenue de Vénaria et prendre quasiment en face une [rue] qui monte légèrement (Chemin des Mattons).;rue
1;Laisser un chemin à gauche, continuer sur la droite à l'[embranchement] et poursuivre en gardant une direction générale Ouest.;embranchement
1;A cet endroit prendre NW un large chemin que l'on abandonne 200m (4) plus loin pour suivre un autre [chemin] orienté au départ NNW qui va nous conduire à traverser à nouveau la D285 pour rejoindre le joli petit hameau des Martinons que l'on dépassera.;chemin
1;(5) Continuer, toujours en descente, par un bon sentier  régulier et caillouteux fait de nombreux [lacets], jusqu'à passer le Torrent de Vallonpierre.;lacets
0;Le sentier compte plus de 250 refuges et des emplacements de [camping] disponibles pour les randonneurs , .;camping
0;Certaines régions sont dépourvues de [bassins] faute de cours d’eau : ce sont les déserts aréiques .;bassins
1;Il est possible de se garer facilement sur un petit terre plein au-dessus de la [route].;route
1;Au niveau du snack-bar, suivre le [chemin] carrossable jusqu'à la première épingle et prendre alors le sentier qui part sur la droite (2) (présence de nombreux panneaux directionnels jusqu'au Lac Achard.;chemin
1;Prendre à gauche la direction du Col de la Pisse sur le [sentier] balisé Jaune et Rouge, ce sentier chemine dans la forêt en montée progressive mais pas trop prononcée.;sentier
0;Ces abris adaptés au milieu et aux conditions météorologiques laissent comme traces archéologiques des fonds de [cabanes] , des pierres plus ou moins agencées , des trous de poteaux tandis que les structures aériennes ( toiture , peaux , branches ) disparues ne peuvent que faire l' objet de reconstitutions hypothétiques .;cabanes
1;Une traversée horizontale ou en très légère descente permet d'accéder au fond du vallon pour retrouver un excellent [chemin] qui est à nouveau le GRP.;chemin
0;Le [chemin] de fer à crémaillère sera encore revu au milieu du XXe , par le constructeur suisse Von Roll , dont le système simplifié à lame unique large équipe désormais la plupart des chemins de fer à crémaillères construits ou rénovés depuis 1950.;chemin
0;Sur un arbre un panneau en [bois] n'indique plus que le Col de la Petite Vache en continuant tout droit.;bois
1;(1) Rester à gauche, ignorer le [sentier] de droite.;sentier
0;C'est le chemin de retour à suivre pour revenir sur le parking situé à proximité du chalet Favre(D/A).Points de [passage] : D/A : km 0 - alt.;passage
0;  Caractéristiques techniques   La ligne naît à la station Jean Moulin , construite en [belvédère] au bord du boulevard du même nom , à 90 mètres environ de la station Château du tramway .;belvédère
1;Rejoindre le [carrefour] d'un large chemin herbeux.;carrefour
0;la tendinite de la [patte d'oie] est une inflammation des trois tendons des muscles constituant la « patte d'oie » situés à la partie supéro-interne du tibia.;patte d'oie
0;(5) Avant d'atteindre le stade de biathlon, prendre à gauche, descendre en sous-bois et arriver devant la prairie, longer la lisière pour rejoindre le parking de départ (D/A).Points de [passage] : D/A : km 0 - alt.;passage
0;Pour ne pas reproduire les erreurs de la [cascade] du plongeon , Gil Delamare et la production confient la réalisation et la responsabilité de la scène à Rémy Julienne , qui a régulièrement prouvé ses connaissances en mécanique .;cascade
0;Une filiale est créée au Royaume-Uni ( qui vient de s' engager dans le Brexit et de diminuer son imposition sur les entreprises ) et est chargée d' engranger les bénéfices européens de la marque pour les rapatrier vers le siège américain via un [circuit] complexe de structures juridiques  en parallèle , les filiales luxembourgeoises sur lesquelles enquête l' Union européenne ( cf .;circuit
1;De cet endroit prendre le [sentier] NW qui va nous conduire en un peu plus d'un kilomètre jusqu'au Lac Noir (7), sur le trajet remarquer les anciennes bornes frontière entre le Dauphiné et la Savoie.;sentier
0;Du point de vue de la religion , Londres a été , tout au long de son histoire , dominée par le christianisme et compte un nombre important d' [églises] , notamment dans la City .;églises
1;Ce [château] , agrandi par les rois suivants , sert de résidence royale puis de prison et est aujourd'hui connu sous le nom de tour de Londres .;château
1;(2) Obliquer à gauche avant la bergerie dans un [chemin] bien marqué.;chemin
1;Retour: Traverser le torrent au niveau de refuge et redescendre [rive] droite, en traversant quelques bois, jusqu'au parking.;rive
1;Le câble limite les frottements , et dès qu' il y a de la [pente] , une partie de l' énergie nécessaire au fonctionnement est absorbée par le ou les véhicules présents sur le brin descendant .;pente
0;Il existe plusieurs types de [brèches] : une brèche sédimentaire est une roche détritique du groupe des conglomérats ( classe des rudites sensu Grabau 1904 ) , formée par l' accumulation d' éléments anguleux ayant subi un faible transport .;brèches
1;Prendre à gauche toujours en montée, continuer tout droit, longer le cimetière et rejoindre un [chemin] de terre.;chemin
1;(1) Emprunter à gauche le [sentier] de l'aller pour rejoindre le parking de la Croix de Châtelard (D/A).Points de passage : D/A : km 0 - alt.;sentier
1;(d) prendre est puis sud la d269c (route de bresson), la quitter au premier [carrefour] pour prendre à gauche la ruelle (balisage jaune), elle se transforme rapidement en sentier pour desservir le lieu-dit le flandru.;carrefour
0;(5) redescendre au col de côte longue(4) puis au col de la pisse(3) par le même chemin qu’à la [montée] .;montée
1;Sur un arbre un [panneau] en bois n'indique plus que le Col de la Petite Vache en continuant tout droit.;panneau
1;Les [bâtiments] remarquables et lieux de mémoire : Au carrefour avec l' avenue de Villiers ( place Prosper-Goubaux ) se trouve la statue d' Henri Hecque .;bâtiments
1;(12) À partir de là, le [sentier] s'élargit jusqu'à devenir une piste le long de la Rivière Séveraisse, jusqu'au Bourg et son pont.;sentier
1;Selon l' Office du tourisme de Québec on retrouve 17 [campings] dans la grande région de la ville de Québec .;campings
1;A cet endroit on aperçoit la [route] et un petit parking(6) où nous reviendrons tout à l'heure.;route
0;Ces chariots se mirent alors naturellement à rouler à droite , afin que le cocher puisse surveiller , lors des [croisements] , le côté exposé aux frôlements possibles par un autre chariot et que le fouet se déploie du côté du champ bordant la route et non sur les personnes croisant le chariot sur sa gauche .;croisements
0;(2) Prendre à gauche (celui de droite sera le [chemin] de retour).;chemin
0;La [balise] est alors dénommée J1bis et ses règles d' implantation sont identiques à celles de la J1 .;balise
1;(1) Arriver au carrefour complexe, situé en dessous du gué, prendre le [chemin] du milieu de la patte d'oie.;chemin
1;(D/A) Du parking, entrer dans le village, tourner à gauche entre deux [maisons] (balisage Jaune sur tout l’itinéraire).;maisons
1;(5) Au croisement, bifurquer à gauche, passer devant le [camping] et rejoindre le quartier des Matons.;camping
1;"alternative possible pour le retour à partir des points (7) ou (8) : descendre jusqu'au ""recoin"" par les [pistes] et rejoindre ""roche-béranger"" par la  route. points de passage : d/a : km 0 - alt.";pistes
0;Sa congestion systématique fait qu' un « cédez-le-passage » sur les voies d' insertion conduirait les véhicules entrants à attendre pendant très longtemps une brèche dans la circulation pour s' insérer , ce qui bloquerait les [carrefours] environnants par ricochet .;carrefours
0;Le chemin bien [tracé] se dirige vers l'entrée de la Combe Ratin.;tracé
0;(10) Retourner sur ses [pas] jusqu'aux bâtiments de l'observatoire.;pas
0;Au Québec , le [boulevard] comprend souvent un terre-plein central ( terme normalisé par l' Office québécois de la langue française ) .;boulevard
1;(4) Prendre à gauche sur une centaine de mètres puis quitter la [route] pour emprunter un chemin sur la droite.;route
0;Le premier algorithme favorisera l' apparition des [bifurcations] .;bifurcations
1;Parvenir à un [col],  carrefour de sentiers.;col
0;Or il est bordé de nombreuses habitations et de [bâtiments] recevant du public , souvent particulièrement sensibles comme les écoles , les maisons de retraites ou les hôpitaux .;bâtiments
0;tion   D' arrière en avant ( du rachis thoracique vers le sternum ) on retrouve : la tête , portant deux surfaces articulaires ( supérieures et inférieures ) recouvertes de cartilage articulaire  le [col] , rétrécissement  la tubérosité costale portant une surface articulaire  l' angle costal , marquant le changement d' orientation de la côte , entamant son trajet curviligne  le corps : partie all;col
1;"La descente se poursuit jusqu'à rejoindre une petite [route],  non loin de l'hôtel ""le Château de Cornage"".";route
0;Résultant du [croisement] entre des variétés de vitis vinifera pontica et de lambrusques locales , elle regroupe tous les cépages de cuve de l’Europe occidentale .;croisement
1;"(1) Au [carrefour],  un poteau indicateur annonce ""Le Cyclone"", une table de pique-nique est installée au pied.";carrefour
1;(1) avant celui-ci descendre par la droite pour rejoindre la d269c, traverser bresson, couper par le château pour rejoindre au niveau du réservoir la piste qui part en [forêt]. ;forêt
1;Se garer vers les Chalets Margot, sur un petit [parking] à gauche de la route dans un virage.;parking
0;Alors que les années 1990 voient un [pic] d' occurrences de meurtres causé par les affrontements entre bandes de « motards criminalisés » au Québec , en 2007 , aucun homicide n' est enregistré sur le territoire de la ville .;pic
1;(4) du col, prendre la [pente] à gauche indiquée par un panneau le vieux chaillol.;pente
1;Continuer sur le [sentier],  on traverse un ruisseau, (petite cascade) et on monte vers le refuge (refuge du CAF).;sentier
0;Dans l’ancien comté de Gruyère , la fabrication de gros fromages à pâte dure , dès le XVIe siècle , induit la construction de vastes [chalets] en maçonnerie couverts de toits à quatre pans .;chalets
0;Les nœuds représentent des croisements de routes et chaque arc du graphe est associé à un segment de route entre deux [croisement] .;croisement
0;En gare , le mors est ouvert par appui d' une came sur un levier de la pince , qui vient à son tour appuyer sur le ressort ou faire tourner la [barre] de torsion , ce qui permet au siège d' être débrayé ou embrayé sur le câble .;barre
0;En mars 1956 , une étude de Marc Langevin , alors directeur du réseau ferré de la RATP relance l' idée du RER en préconisant la réalisation d' un réseau en forme de [croix] , orienté nord-sud et est-ouest .;croix
0;la « maison Ollier » pourtant inscrite à l' inventaire des monuments historiques en 1955 arborait , pour sa part , une remarquable façade d' époque Louis XV richement ornée de sculptures et [balcons] ouvragés , la place de l' Abbaye qui comportait encore des vestiges de l' ancienne abbaye Sainte-Claire , etc . Signalons enfin de nombreuses rues et passages étroits , parfois couverts , des;balcons
0;Les [balises] de type 1 et de type 1 bis se différencient par les caractéristiques colorimétriques .;balises
0;Un [boulevard] est une voie généralement large ( quatre voies de circulation ou plus ) avec souvent des allées piétonnières sur ses bords .;boulevard
0;L’étendue des [bassins] versants est très inégale : celui de l’Amazone en Amérique du Sud s’étend sur 6 150 000 km2 alors que les bassins britanniques sont petits .;bassins
1;Longer Révoulat, poursuivre pour retrouver un nouveau [carrefour]. ;carrefour
1;(10) Retourner sur ses pas jusqu'aux [bâtiments de l'observatoire].;bâtiments de l'observatoire
0;Les Parcours Alpha sont aujourd'hui représentés dans plus de 165 pays , dont la France où 1 000 paroisses et [églises] proposent ces soirées d' échanges autour de questions spirituelles , qui visent également à renforcer le lien social .;églises
0;Ce sont des [bifurcations] qui mènent à des comportements chaotiques .;bifurcations
1;Le [sentier] va s’élever pour arriver au Col de la Pisse qui offre un beau panorama sur la vallée du Champsaur.;sentier
0;L' algorithme de Johnson résout le problème en absence de [circuit] négatifs , et peut être plus rapide que Floyd – Warshall dans des graphes creux .;circuit
0;Ce type de parking comprend le stationnement en voirie ( places le long d' une rue , d' un quai , etc . ) et les espaces dégagés à cette fin entre des [bâtiments] , ou établis sur des anciens champs , des anciens terrains vagues , etc . .;bâtiments
1;"Depuis le [belvédère] de la chapelle surmontée d' une statue de la Vierge , dite "" Notre-Dame des Mines "" , point de vue unique sur la ville et panorama grandiose sur les Cévennes .";belvédère
0;Les équipements de gestion des parkings vont de la simple [barrière] manuelle au systèmes les plus sophistiqués avec reconnaissance de plaque minéralogique et gestion technique centralisée .;barrière
1;Au premier embranchement, continuer à droite sur le [sentier] principal puis faire de même au deuxième.;sentier
0;Le mot est composé de deux radicaux : bole qui signifie poutre , grosse pièce en [bois] , et voerk qui veut dire ouvrage .;bois
0;  Les caractéristiques   Le style est caractérisé par : toits à pignons avec larges avant-toits  poutres de construction apparentes , y compris les grands supports  sculpture décorative et moulures [balcons] larges fenêtre .;balcons
1;(D) Depuis le [parking],  prendre plein Nord la route forestière goudronnée.;parking
1;la partie sommitale est plus facile et, arrivé au sommet, à gauche il y a un petit [abri] avec une cache pour le livre d’or.;abri
0;Les sites historiques et architecturaux sont nombreux avec des villes médiévales ( Dinan , Moncontour ) , des [chapelles] anciennes , des châteaux ( Rosanbo , La Roche-Jagu , Tonquédec , etc . ) , quelques abbayes ( abbaye Notre-Dame de Beauport , abbaye Notre-Dame de Bon-Repos ) et deux cathédrales ( Tréguier et Saint-Brieuc ) .;chapelles
1;Un petit [camping] permettant un écotourisme local dans le dernier village accessible du Ladakh a ainsi été équipé ( 2010 ) d' un lampadaire solaire , seule source fixe d' éclairage du village .;camping
1;Après avoir profité du lac, se diriger vers le bout du lac d'où part un [sentier] qui monte vers le Col de l'Infernet (4).;sentier
1;Continuer sur le même chemin, laisser partir le [chemin] à droite et poursuivre sur le chemin.;chemin
0;CSS4 : L' écriture du quatrième niveau des feuilles de styles en [cascade] débute dès 2010 , parallèlement aux modules CSS 3.;cascade
0;Il a pu être décidé de ne [pas] troubler les Parisiens avec une règle de priorité qu' ils n' avaient pas l' habitude de rencontrer ( surtout au moment de la création du Périphérique dans les années 1960 )  une raison pratique : les voies d' insertion sur le Boulevard périphérique sont très courtes .;pas
1;Monter d'abord en [forêt] (sentier en corniche), puis en longeant le déversoir des lacs, par des lacets, la dernière pente qui constitue le verrou.;forêt
0;Certains bâtiments se visitent ( [chapelles] , fours ... ) , d’autres portent encore des traces de leur évolution ( une roue de moulin , une poulie au balcon ... ) .;chapelles
0;Les [cascades] et gags imaginés par Delamare pour le film sont nombreux et complexes .;cascades
1;"Rester rive droite du [lac] et suivre le sentier sur 200m environ et trouver la sente (GR549) (5)qui monte raide dans le mouvement de terrain à gauche en direction du ""Lac du Loup"" alt 2258m (6)puis ""Col du Loup"" point culminant de cette randonnée(7).";lac
0;C’est donc pour pallier cette insuffisance qu’est née l’idée de placer , dans les zones soumises à des efforts de traction , des [barres] d’acier ( armatures ) qui , elles , sont résistantes aussi bien en compression qu’en traction .;barres
0;La théorie des [bifurcations] consiste à classer les différents types de bifurcation en classes .;bifurcations
0;Le style fait référence à des constructions traditionnelles caractérisées par des toits largement en saillie et des façades richement décorées avec des [balcons] en bois et des ornements sculptés .;balcons
0;la tendinite de la patte d'oie est une inflammation des trois tendons des muscles constituant la [patte d'oie] situés à la partie supéro-interne du tibia.;patte d'oie
0;"Il n' est donc guère étonnant qu' outre le "" repos des morts "" , certains [cimetières] accueillent également celui des vivants lors de rites d' incubation : voir article rêve .";cimetières
0;"la présence de sulfates et d' argiles dans les parties les plus basses du [pic] central , dans des zones plus élevées l' existence de terrains fracturés comblés par des eaux saturées en miné dns-remplacé <repdns text""raux.Les"" /> strates visibles sur le mont central permettent de penser que celui -ci constitue un témoin de l' histoire géologique de la planète depuis l' impact qui a créé le cratère il y a environ 3 milliards d' années .";pic
1;Entre 1801 et 1804 , une passerelle de neuf [arches] en fonte réservée aux piétons est construite à l' emplacement de l' actuel pont des Arts : c' est le premier pont métallique de Paris .;arches
1;Avancer dans le [chemin] sous les arbres, traverser un petit ruisseau et continuer en rive droite du torrent jusqu'à le traverser sur la droite.;chemin
0;1994 : Démolition du bâtiment 2 des Bosquets , première [barre] de 10 étages à tomber , après rachat de ses 146 logements par l' OPDHLM 93 et le Parc-ARIM 93.;barre
0;Dalles et dallages    Les dalles sont généralement armées par deux à quatre lits ( ou « nappes » ) d' armatures croisées , formés par des [barres] individuelles ou des treillis soudés .;barres
0;Le SDRIF prévoit la réalisation de cette [gare de bifurcation] pour la période 2014 - 2020.;gare de bifurcation
0;Ces fortifications ayant été souvent remplacées au cours de l' histoire urbaine par des axes de circulation reprenant leur large emprise , on nomme dès lors [boulevard] tout axe de circulation majeur .;boulevard
0;Tout le rez-de-chaussée , réservé aux réceptions , s' ouvrait par de larges porte-fenêtres , d' un côté sur la grande pelouse de l' entrée , face au pavillon Henri-IV et aux volières qu' Hessel avait fait aménager dans les [arches] du bâtiments et de l' autre côté , sur une terrasse où l’on se tenait , les jours de beau temps , devant un bassin animé de canards et de cygnes au-delà duquel s' étendait le parc .;arches
0;Le Pôle est à l' origine de plusieurs festivals dans la région , notamment la Semaine du [cirque] ( début juin ) ou cirque en marche ( novembre ) à Alès .;cirque
0;(5) Pour la descente, revenir sur ses [pas] pour une bonne centaine de mètres de dénivelé pour rejoindre le carrefour de montée.;pas
1;En laissant les Fermes à main gauche, poursuivre sur le  sentier vers une première balise puis le [sentier] devient moins marqué mais on aperçoit un peu plus haut une deuxième balise(5) que l'on rejoint à vue.;sentier
0;Le clip bat deux records : celui du clip le plus vu en 24 heures avec 19 , 6 millions de vues et celui du clip qui dépasse le plus rapidement la [barre] des 100 millions de vues , en seulement six jours .;barre
1;"Le [sentier] marqué sur la carte ""GR de Pays Tour des Bauges"" (3) démarre en face mais n'est plus très bien marqué sur la carte.";sentier
1;(7) Rester sur la rive gauche, en descente toujours, dans un [sentier] devenu plus terreux, atteindre la passerelle sur la Séveraisse.;sentier
0;Jim Schindler rassemble les deux [arches] pour en faire un « M » .;arches
1;(12) Suivre le GRP en partant en oblique dans la pente en direction du Nord, faire un ou deux [lacets] et parvenir au sommet des remontées du Sommarel.;lacets
0;Dans ce cas , l' algorithme de Bellman-Ford permet de tester s' il existe un [circuit] absorbant et de trouver un plus court chemin en temps O ( n m ) { \displaystyle O ( nm ) } .;circuit
0;La théorie des [bifurcations] , en mathématiques et en physique est l' étude de certains aspects des systèmes dynamiques .;bifurcations
1;Il suit une faible pente en [forêt]. ;forêt
0;La largeur des [chemins] était souvent réglementée ou très normée .;chemins
1;Ce  chemin est le GR50-GR54, le continuer, laisser passer un [chemin] à droite, pour arriver au Col du Souchet.;chemin
0;Il ne faut [pas] se laisser entraîner vers la Combe de Cluse à gauche, mais continuer sur la droite, Nord-Ouest sur de très bonnes traces.;pas
0;Un parking , ou parc de stationnement , voire simplement stationnement , est un espace ou un [bâtiment] spécifiquement aménagé pour le stationnement des véhicules .;bâtiment
1;(3) Commencer une nouvelle descente elle aussi schisteuse puis le [chemin] devient herbeux au fond du Vallon Plat mais sur très peu de temps.;chemin
1;Se garer au [parking de la mairie].;parking de la mairie
0;Cette rénovation permit l' installation du SISVE , de nouvelles girouettes indiquant alternativement le code mission et la destination , de nouvelles lumières , ainsi que le changement des sièges , coques comprises , des vitres et fenêtres , des haut-parleurs vieillissants , des [barres] de maintien , du pupitre de la cabine de conduite .;barres
1;Traverser la route pour rejoindre le foyer de fond et le [parking] de départ.Points de passage : D/A : km 0 - alt.;parking
1;(5) Avant d'atteindre le [stade] de biathlon, prendre à gauche, descendre en sous-bois et arriver devant la prairie, longer la lisière pour rejoindre le parking de départ (D/A).Points de passage : D/A : km 0 - alt.;stade
0;  Accidents   Il est déjà arrivé , en France et aux États-Unis que des [balcons] s' effondrent , blessant ou tuant les personnes supportées .;balcons
0;La [montée] est progressive via de grands lacets et suit la face Sud du Sirac.;montée
0;Il est sur le point de la tuer avec une grosse pierre quand il aperçoit une [croix] chrétienne autour de son cou .;croix
1;Arriver sur le  plateau,  non loin des bâtiments de l'arrivée du [téléphérique].;téléphérique
0;Au cours de la décennie suivante , la filière coton , comme dans beaucoup de pays producteurs africains , a aligné d' excellentes récoltes , même si sur le marché mondial , le cours de la livre de la fibre était en 2015 autour de 0 , 70 dollar , relativement bas comparé au [pic] des 2 dollars la livre qu’il avait atteint en 2011.;pic
0;1644 : le Hollandais Adam Wybe installe à Gdansk ( Pologne ) un transporteur équipé d' une noria de seaux suspendus à un cordage aérien  l' ensemble , soutenu par des poteaux en [bois] et mu par la force animale , dessert la forteresse qui domine la ville , .;bois
1;continuer à monter environ 500 mètres pour arriver à la cabane des parisiens, dernier rempart avant le [sommet]. ;sommet
1;"Poursuivre sur le [sentier] qui démarre juste à côté et monter sur celui-ci sur 500m pour rejoindre le lieu dit ""les Fermes"".";sentier
0;C' est aussi à cette époque que les [cirques] français motorisèrent leurs convois routiers .;cirques
1;Sinon il est préférable de partir sur la droite jusqu'au [chalet] abri visible du carrefour.;chalet
0;En général , le pouvoir politique intervient pour taxer les prix et organiser des [circuits] de distributions spéciaux ( rationnement ) , ce qui pousse les vendeurs à chercher un débouché plus lucratif .;circuits
0;"Passer devant le superbe ""Refuge du Pré Molard"" (11) et ses splendides abords pour rejoindre la large piste qui vous redescendra au ""Clos"" (2) (1)puis par la même piste qu'à l'aller au parking de départ.Points de [passage] : D/A : km 0 - alt.";passage
0;il faudra se trouver un [passage] en essayant de ne pas trop suivre les cairns qui partent à gauche, mais plutôt ceux de droite.;passage
1;prendre à gauche la direction du col de la pisse sur le sentier balisé jaune et rouge, ce [sentier] chemine dans la forêt en montée progressive mais pas trop prononcée.;sentier
1;"Laisser sur votre droite le GR (8) qui se dirige sur le refuge ""Jean Collet"" et cheminer sur le [sentier] à gauche en direction du ""Habert de la Sitre""(9) pour atteindre le ""Mont Saint Mury""(10).";sentier
1;(2) par cette [piste] balisée pr (jaune) traverser le golf de bresson pour atteindre le carrefour du plâtre.;piste
0;Dans le cas d' un [déversoir] libres , les caractéristiques d' évacuation seront déterminées par ses dimensions et son coefficient de débitance .;déversoir
1;"Emprunter cette piste sur la droite pendant 400m jusqu'à un [carrefour] au lieu dit "" Teppe de Larcoutier"".";carrefour
0;Voici , chronologiquement , les étapes de la rénovation urbaine : 1965 : Construction de la cité des Bosquets ( vingt bâtiments dont sept [barres] de 10 étages ) à Montfermeil : 1 534 logements en copropriété sortent de terre .;barres
0;À partir de 2007 , les pommes de terre ne sont plus salées ( 2009 pour les steaks ) et les [bornes] Wi-Fi sont implantées .;bornes
0;Certains navigateurs web permettent au visiteur de choisir un style parmi plusieurs  Le code HTML est considérablement réduit en taille et en complexité , puisqu'il ne contient plus de [balises] ni d' attributs de présentation .;balises
1;(5) Remonter maintenant ce très bon [chemin].;chemin
0;L' enceinte bastionnée et les [boulevards] sont détruits et transformés en nouveaux cours carrossables plantés d' arbres qui deviennent rapidement des lieux de promenade à la mode .;boulevards
1;Une fois au [col],  ignorer le sentier en face et celui qui redescend dans le vallon que l'on vient d'emprunter.;col
0;En octobre 1977 , le [bâtiment] du poste central d' exploitation , doté d' une salle de contrôle de trafic , est achevé et les équipes de contrôle et de gestion s' y installent .;bâtiment
0;Il est conçu avec un espace de jeux pour enfants , une source décorative alimentant par ailleurs un [bassin] et un kiosque à musique , ainsi qu' une esplanade avec jets d' eau et sculptures formant l' accueil du Palais des congrès .;bassin
1;Une partie de ces [boulevards] est parcourue par les lignes 3a et 3b du tramway d' Île-de-France , dites « tramway des Maréchaux » , car presque exclusivement implantées sur ces derniers .;boulevards
1;Suivre facilement le [chemin] jusque dans le Vallon de Truchière où l'on s'engage vers 1700 mètres d'altitude.;chemin
1;"Arrivé sur le gros [carrefour] prendre à gauche et sur le découvert prendre la piste à droite (2) en direction des ""Trois Ruisseaux"" et ""Lac de Freydières"".";carrefour
1;Traverser celle-ci et deux solutions sont possibles, prendre la trace à flanc de coteau par la gauche (à éviter par temps humide) ou bien afin de jouir du panorama sur le lac longer la [route] le long de la bordure en béton côté route s'il n'y a pas de circulation ou côté herbe plus tranquille.;route
1;Arriver sur le plateau, non loin des [bâtiments] de l'arrivée du téléphérique.;bâtiments
1;Après 600m dans la partie herbeuse la sente entre dans la forêt (8) et descend sur 200m avant de rejoindre le [sentier] plus marqué qui vient du Col du Pertuiset.;sentier
0;Ainsi un tablier en forme de poutre-caisson , possédant une section transversale pouvant être considérée comme indéformable est souvent modélisé à l’aide de [barres] .;barres
0;Longtemps les géographes ont perçu leur discipline comme une discipline [carrefour] ( Jacqueline Bonnamour ) , « pont entre les sciences humaines et physiques » .;carrefour
1;Accès : Au départ du village d'Autrans, prendre la [route] direction Gève plein Nord.;route
0;Récemment , la construction de très grands [bâtiments] a été encouragée par le plan londonien et de nombreux hauts bâtiments devraient voir le jour , particulièrement dans la Cité de Londres et à Canary Wharf .;bâtiments
1;(3) Prendre le sentier de gauche en direction de l'Aigue (attention les panneaux d'indication sont trompeurs, il faut bien prendre le [chemin] en direction du Sud-Est.;chemin
1;(13) Passer alors rive gauche et reprendre un sentier plus en courbe de niveau, qui oscille entre pierriers, [bois] et prés, passer en face du Hameau du Casset.;bois
0;"Sur la route des épicesD'île en île , un jeu pour découvrir les épices , accompagné d' une végétation atypique et dns-remplacé <repdns text""luxuriante.Le"" /> récit d' un vieux loup La [bambouseraie] : Des bambous de plusieurs dizaines de mètres .";bambouseraie
0;Un permis de construire est nécessaire pour installer un [chalet] si sa superficie est supérieure à 35 m2 .;chalet
0;On en trouve le plus souvent à côté des [bâtiments] publics ( gare , aéroport ) , des lieux de travail , des centres commerciaux ou devant les grandes surfaces pour accueillir les usagers .;bâtiments
0;Comme souvent pour les relations , on [barre] ce symbole pour indiquer sa négation , la non-appartenance d’un objet à un ensemble : « z ? A » signifie « z n’appartient pas à A » .;barre
1;Prendre à gauche la direction du Col de la Pisse sur le sentier balisé Jaune et Rouge, ce sentier chemine dans la forêt en [montée] progressive mais pas trop prononcée.;montée
1;(D/A) Emprunter le [chemin] assez bien marqué avec ici et là des traces de peinture qui suit de près le lit du Torrent des Pertusets (en général, le nom de torrent est bien excessif car il s'agit plutôt d'un mince filet d'eau!).;chemin
0;Baraque , ses variantes et ses dérivés ont désigné également des [cabanes] en pierre sèche agricoles ou pastorales : ainsi baracou dans les causses de Blandas et de Campestre ( Gard ) et à Saint-Félix-de-l'Héras dans le Larzac héraultais  baraquette au Mont-Saint-Clair près de Sète ( Hérault )  baraque dans le haut Vidourle ( Gard ) et dans le Châtillonnais ( Côte-d’Or )  barraca dans les Aspres ( Pyrénées-Orientales ) , barraque ( avec deux r ) dans l' Aude .;cabanes
0;   Le Moyen Âge    Le christianisme apparaît au milieu du IIIe siècle grâce à l' évêque Sixte et une première cathédrale est élevée au IVe siècle mais ce n' est qu' au Ve siècle que l' emplacement actuel commence à être occupé par l' [église] qui y installe d'abord un ensemble épiscopal puis plusieurs cathédrales qui se succèdent jusqu' à celle qui existe aujourd'hui .;église
0;On peut les appeler [chalets] vu leur intégration aux alpages .;chalets
0;Il existe plusieurs sortes de [brèches] tectoniques , suivant la nature de la matrice et du ciment .;brèches
0;Traverser celle-ci et deux solutions sont possibles, prendre la trace à flanc de coteau par la gauche (à éviter par temps humide) ou bien afin de jouir du panorama sur le lac longer la route le long de la bordure en béton côté route s'il n'y a [pas] de circulation ou côté herbe plus tranquille.;pas
0;En France , dès 2012 , la restauration rapide connaît une très haute augmentation des [bornes] automatiques de commandes ( non pour les autres types de restaurant ) .;bornes
0;En revanche , la couverture du secteur de la porte de Champerret n' est [pas] commencée en 2011.;pas
1;(5) de la cabane, partir à gauche sur le sentier à flanc de montagne qui passe par les vestiges du [canal] et emmène jusqu'au lac de mal cros.;canal
0;Il est construit autour d' un grand [parking] d' intérêt régional couplé avec une gare routière .;parking
0;Les « [chapelles] » les plus aimées sont celles qui conservent , en outre , un « trésor » , nom donné à des vases liturgiques qui ont été utilisés par le clergé réfractaire ou qui ont été soustraits pendant la Révolution pour leur éviter d' être « souillés par le culte concordataire » .;chapelles
1;(7) Rester sur la rive gauche, en descente toujours, dans un sentier devenu plus terreux, atteindre la [passerelle] sur la Séveraisse.;passerelle
0;Le 5 janvier 1921 , la Belgique lui confère la [croix] de Chevalier de l’ordre de Léopold .;croix
0;Certains axes de grande circulation créés à Paris dans les années 1850 ont reçu le nom de « boulevard » alors qu' ils n' occupent [pas] l' emplacement d' anciennes fortifications ( boulevard Saint-Michel , boulevard Saint Germain , boulevard de Sébastopol , ou enfin boulevard Haussmann ) .;pas
1;(D/A) Du fond du  parking,  grimper en empruntant une sente qui démarre derrière un [poste de transformation] EDF.;poste de transformation
0;Les [bornes] d' appel sont toutes numérotées .;bornes
1;Après 600m dans la partie herbeuse la sente entre dans la [forêt] (8) et descend sur 200m avant de rejoindre le sentier plus marqué qui vient du Col du Pertuiset.;forêt
0;Comme son nom l' indique , les passagers sont assis , avec une barre latérale commune de sécurité au-dessus des jambes reliée à une ou deux [barres] permettant de poser les pieds ou skis .;barres
0;Associé à la notion d' horizon et d' altitude , le [belvédère] concrétise sur le plan architectural une position dominante , celle qui permet de voir et d' observer .;belvédère
1;En laissant les Fermes à main gauche, poursuivre sur le [sentier] vers une première balise puis le sentier devient moins marqué mais on aperçoit un peu plus haut une deuxième balise(5) que l'on rejoint à vue.;sentier
1;La pente s'accentue, le [chemin] est bien empierré.;chemin
0;Cela remet lourdement en cause la compétence des préparateurs chargés de la [cascade] , mais Gil Delamare annonce à Rémy Julienne « J' ai été trahi mais je saute quand même » , alors que les dangers sont nombreux .;cascade
0;Les [églises] sont très fréquentées et de nombreux couvents s' installent en ville .;églises
1;(6) Passer une première [passerelle].;passerelle
0;Les tout premiers télésièges avec banquettes en [bois] ne transportaient qu' un passager par nacelle , les nacelles actuelles contenant de deux à huit passagers .;bois
1;Quelques mètres plus haut, au second embranchement, suivre le [chemin] de droite puis continuer l'ascension sur environ 200m.;chemin
0;Il s' agit de faire de cette dernière une véritable gare de [bifurcation] des branches Est de la ligne , celles de Marne-la-Vallée - Chessy et de Boissy-Saint-Léger , par la création de nouveaux quais sur la branche de Marne-la-Vallée : la gare de Fontenay-sous-Bois ne ferait plus partie de la branche de Boissy-Saint-Léger mais serait intégrée au tronçon central de la ligne  la gare de Vincennes ne jouerait alors plus le rôle de [gare de bifurcation] des deux branches orientales .;bifurcation
0;On retrouve bientôt l'intersection des deux cols rencontrée à la [montée] (WP2), puis le Pas de l'Ane ramène rapidement au Col de la Charmette(D/A).Points de passage : D/A : km 0 - alt.;montée
1;(3) prendre la [ruelle] à gauche, traverser le quartier de la garoudière et continuer jusqu'au château de jarrie.;ruelle
0;(1) Prendre à gauche le GRP pour rejoindre le parking (D/A).Points de [passage] : D/A : km 0 - alt.;passage
0;les rallonges escamotables les tiroirs sous la table  caissons formant pied les tréteaux ou pieds pliants  tables légères et pliantes pour être transportées facilement au jardin , en terrasse , au [camping] ou pour le pique-nique les tables rabattables ( contre un mur , dans un meuble ) , table suspendue le service de table , : le tapis de table , la nappe , le set de table , le chemin de table ;camping
0;En pratique , 41 pays dont 19 en Europe ont banni les animaux sauvages des [cirques] .;cirques
1;Premier piège à 100m (1) quitter la piste asphaltée pour trouver le petit [sentier] qui démarre sur la droite.;sentier
1;continuer sur la [piste] , passer les panneaux coustaille et lou dévès, puis continuer tout droit vers le col de la pisse par la route forestière des cabanes.;piste
1;Rejoindre le carrefour d'un large [chemin] herbeux.;chemin
1;Après quelques méandres il amène au dessus du [bâtiment] du service technique, continuer encore 300m pour rejoindre la route D913.;bâtiment
0;Le mot [boulevard] dans son sens premier militaire désigne , dans la fortification d' une ville , un ouvrage de protection avancé construit en madriers et en terre .;boulevard
1;Avancer dans le chemin sous les arbres, traverser un petit ruisseau et continuer en rive droite du [torrent] jusqu'à le traverser sur la droite.;torrent
1;(1) avant celui-ci descendre par la droite pour rejoindre la d269c, traverser bresson, couper par le château pour rejoindre au niveau du [réservoir] la piste qui part en forêt.;réservoir
0;Des artisans recrutés dans toutes les villes du royaume avaient sculpté 53 000 m2 de [bois] et assemblé plus de 10 000 m2 de zellige ( céramiques ) pour le lieu de culte .;bois
0;Au vu des développements de la circulation , la nécessité d' un boulevard périphérique s' impose mais pensé comme un boulevard urbain qui ne constituerait [pas] une fracture .;pas
1;On compte onze [cimetières] à Rome , dont quatre sont situés dans le centre historique de la ville .;cimetières
0;Ces engins artisanaux utilisent alors des cordages qui limitent la charge de transport ou la [pente] .;pente
0;Pour améliorer la stabilité des passagers debout notamment , le sol des voitures est parfois légèrement incliné en sens inverse de la [pente] lors de la partie plane du parcours , compensant de moitié l' inclinaison au passage des plus fortes pentes ( exemple : l' Arc-en-Ciel de Bourg-Saint-Maurice -Les Arcs ) .;pente
0;Initialement , il se caractérise par une rangée de dix boutons frappés d' une ancre comme les pointes de son [col] .;col
0;  Histoire   Même si le signal d’annonce de croisement de routes existe depuis 1909 , ce n’est qu’en 1927 que la priorité à droite apparaît formellement dans le code de la route : « Le conducteur est tenu , aux [bifurcations] et croisées des chemins , de céder le passage au conducteur qui vient à droite » .;bifurcations
1;Continuer sur cette trace 100m pour croiser une piste au niveau d'un [chalet] de service des pistes de fond.;chalet
1;Contrairement à la mosquée , ces deux [bâtiments] ont été construits par l' entreprise marocaine SGTM .;bâtiments
1;(2) Entamer une courte descente dans une partie schisteuse sur un [sentier] étroit et parfois un peu délicat jusqu'à atteindre le fond du vallon de Gouiran (mares à sec).;sentier
1;Le [chemin] bien tracé se dirige vers l'entrée de la Combe Ratin.;chemin
0;  Usages spécifiques   Les [balcons] sont parfois utilisés à des fins cérémonielles , comme celui de la cathédrale Saint-Pierre de Rome , d' où le pape nouvellement élu prononce la bénédiction urbi et orbi .;balcons
0;  En France, les cabanes anciennes sont des [cabanes] à usage d' habitation temporaire ou saisonnière.;cabanes
0;Les éléments porteurs des [passerelles] suspendues primitives étaient des câbles formés de lianes , de bambous ou d' herbes tressés , attachés à chaque extrémité à des rochers , des ancrages en pierre ou des troncs d’arbre ( comme l' illustreront plus tard les ponts de corde inca ) .;passerelles
0;2009 : Démolition d' une [barre] de 80 logements sociaux à la Petite Montagne ( 1-3 rue Anatole France ) .;barre
0;Situé à l' intérieur du vieux bâtiment de la Bourse de Paris , Le [camping] accueille deux fois par an 12 start-ups qui bénéficient d' un programme d' accélération intensive , entraînées pendant six mois par quarante mentors .;camping
0;Les téléphériques sont également utilisées pour accéder à des points isolés tels les [belvédères] .;belvédères
1;Arrivé au Fayore (salle communale et musée), prendre à gauche une [rue] qui redescend jusqu'au village.;rue
0;(1) Emprunter à gauche le sentier de l'aller pour rejoindre le parking de la Croix de Châtelard (D/A).Points de [passage] : D/A : km 0 - alt.;passage
0;Toutefois , c' est aussi un quasi-boulevard puisqu'un certain nombre de [bâtiments] lui offrent leurs façades , et il passe ainsi dans une ville constituée .;bâtiments
0;Les Parisiens ont donné à ces nouveaux cours le nom de [boulevard] .;boulevard
0;Après avoir profité du [lac] se diriger vers le bout du lac d'où part un sentier qui monte vers le Col de l'Infernet (4).;lac
0; ont été suivies pour créer une station fonctionnelle et esthétique en phase avec le développement touristique de cette époque : Respect du site et de l' environnement naturel Conservation des vieux [chalets] d’alpage existants que l’architecture moderne ne doit pas chercher à imiter pour plus d’authenticité Utilisation de matériaux locaux    Financement et actionnariat    Le concept de station in;chalets
1;(1) virer à droite et traverser le [ruisseau] pour trouver un autre panneau les cabanes.;ruisseau
0;Les [bifurcations] de dédoublement de période .;bifurcations
0;C'est le [chemin] de retour à suivre pour revenir sur le parking situé à proximité du chalet Favre(D/A).Points de passage : D/A : km 0 - alt.;chemin
1;C'est le chemin de retour à suivre pour revenir sur le [parking] situé à proximité du chalet Favre(D/A).Points de passage : D/A : km 0 - alt.;parking
0;Elle fut bornée par Antonin le Pieux en 145 , c'est-à-dire jalonnée de [bornes] milliaires placées tous les mille pas , soit 1 478 5 mètres .;bornes
1;(14) De là, plonger au mieux dans les grandes [pentes] qui conduisent à la Bergerie de Pied Gros, passer non loin des Trous de la Tune, puis retrouver très vite le premier carrefour de l'aller.;pentes
1;En arrivant à Superdévoluy, dans le rond-point, prendre la troisième sortie puis la [route] qui passe devant l'hôtel des Chardonnelles et part vers le Sud.;route
1;Se garer vers les Chalets Margot, sur un petit parking à gauche de la route dans un [virage].;virage
1;(5) prendre à gauche de la [cabane] et commencer la montée vers le sommet.;cabane
1;En effet, par moment le [sentier] se dédouble et si vous poursuivez les traces les plus évidentes (qui sont hors GR) il vous faudrait alors, quelques centaines de mètres plus loin, remonter à flanc hors sentier pour rejoindre le GR (qui reste visible tout comme le col).;sentier
1;(5) de la [cabane],  partir à gauche sur le sentier à flanc de montagne qui passe par les vestiges du canal et emmène jusqu'au lac de mal cros.;cabane
1;Un [panneau] retrace cet accident.;panneau
0;L' appareil comporte les différentes formes adaptées aux sections standards des tuyaux de manière à pouvoir réaliser tous les [collets] possibles .;collets
0;Il a pu être décidé de ne pas troubler les Parisiens avec une règle de priorité qu' ils n' avaient [pas] l' habitude de rencontrer ( surtout au moment de la création du Périphérique dans les années 1960 )  une raison pratique : les voies d' insertion sur le Boulevard périphérique sont très courtes .;pas
1;Remonter vers le Col de Gouiran sans difficulté particulière et dans une [pente] régulière sur un sentier caillouteux.;pente
0;Sur une durée de 5 jours se succèdent courts-métrages , spectacles de théâtre , d' improvisation , de danse , de [cirque] , d' humour , et surtout des concerts lors de la soirée du samedi .;cirque
1;Prendre à gauche toujours en montée, continuer tout droit, longer le [cimetière] et rejoindre un chemin de terre.;cimetière
1;(5) Suivre ce dernier sur la droite jusqu'à rejoindre la station, passer devant le [site] d'escalade sur votre gauche (6) puis le bassin de répartition restauré par l'association Malcros (7).;site
0;Une ville au cœur de [circuits] touristiques. Pons a l' avantage de bénéficier d' une position géographique privilégiée au cœur d' une région riche en églises de villages , ainsi qu' en quelques petits châteaux et autres sites pittoresques .;circuits
1;La [borne] milliaire la plus méridionale de la cinquantaine que les Helviens avaient placé sur cette voie a été retrouvée à Barjac , au nord de la Villette .;borne
1;Attention, le [marché] hebdomadaire est le mardi donc pas de stationnement ce jour là.;marché
0;  Histoire et tradition des chemins  Près de Saint-Omer , dans le Nord de la France , on pouvait payer ses impôts en cailloux ( silex ) extrait de carrières qu' on apportait pour boucher les trous de routes ou [chemins] .;chemins
0;L' existence d' un [circuit] négatif se voit par des valeurs négatives sur la diagonale principale .;circuit
0;Un autre aspect de CSS s' avère alors déterminant face aux alternatives existantes : CSS est le premier langage à inclure l' idée de « [cascade] » ( feuille de style en [cascade] ) , c'est-à-dire la possibilité pour le style d' un document d' être hérité à partir de plusieurs « feuilles de style » .;cascade
0;Il est composé de 26 [arches] , dont 19 grandes et 7 petites .;arches
1;(4) A partir de ce chalet quitter la piste à gauche et longer la [forêt] sur 100m pour retrouver une trace qui part sur la gauche et rejoint le GRP 50m plus loin.;forêt
0;Cette [barrière] psychologique se traduit , par exemple , dans l' expression « de l' autre côté du Périph ' » , parfois employée pour désigner la banlieue .;barrière
1;Le [sentier] est bien balisé sauf dans le dernier tiers.;sentier
1;continuer sur ce même [sentier] pour passer deux nouveaux cols jusqu'au col des lessines (5) qui surplombe les lacs robert.;sentier
1;(5) Suivre ce dernier sur la droite jusqu'à rejoindre la [station],  passer devant le site d'escalade sur votre gauche (6) puis le bassin de répartition restauré par l'association Malcros (7).;station
0;Il existe seulement quelques [bornes] d' appel du type police-secours .;bornes
1;(1) Au croisement, ne pas passer le [pont] à gauche mais continuer tout droit jusqu'à la route de Chaillol.;pont
0;Le symbole signalétique presque universel signifiant « [parking] » est un « P » majuscule blanc sur un disque ou un carré bleu .;parking
0;nécessaire   Canaux parisiens   Le système des canaux parisiens comprend de nombreux ponts  la plupart sont des [passerelles] piétonnes et parmi les ponts routiers , beaucoup peuvent être levés ou tournés afin de permettre le trafic fluvial ( en interrompant temporairement le trafic automobile ) .;passerelles
1;il faudra se trouver un passage en essayant de ne pas trop suivre les [cairns] qui partent à gauche, mais plutôt ceux de droite.;cairns
1;Monter d'abord en forêt (sentier en corniche), puis en longeant le déversoir des lacs, par des lacets, la dernière [pente] qui constitue le verrou.;pente
1;(D/A) Du [parking],  entrer dans le village, tourner à gauche entre deux maisons (balisage Jaune sur tout l’itinéraire).;parking
1;Poursuivre le chemin au-dessus de la [station] et passer sous le télésiège du Clot Chenu.;station
0;Les [balises] J1 doivent couvrir tout le bord extérieur du virage .;balises
1;Il faut ici être très attentif car le [plateau] est très horizontal.;plateau
1;Laisser partir un [chemin] à gauche et un autre à droite.;chemin
1;Sinon il est préférable de partir sur la droite jusqu'au chalet abri visible du [carrefour] ;carrefour
0;(6) De celui-ci surtout ne [pas] continuer sur le sentier marqué sur la carte IGN, il n'est plus praticable.;pas
0;Fermé à la fin des années 1980 à cause de fissures dans le fond du [bassin] , le lavoir n' est plus en activité .;bassin
0;Celle décrite ici passe par le chemin bien visible du parking qui part plein Sud dans la prairie et monte sur 200m environ (7) avant de redescendre dans l'alpage où carte et boussole sont nécessaires pour se diriger de clairière en clairière (encore une fois la [route] n'est jamais très loin donc aucun risque de se perdre).;route
1;Remonter vers le Col de Gouiran sans difficulté particulière et dans une pente régulière sur un [sentier] caillouteux.;sentier
1;Au Chalet, juste au dessus du [parking],  repérer les deux pistes bien distinctes qui démarrent.;parking
0;Une zone de 600 m2 est particulièrement touchée avec un [pic] de 1000 milligrammes par kilo .;pic
1;partir ensuite sur la gauche des [lacs] pour passer par la brèche robert sud (balisage gr rouge et blanc) (6).;lacs
1;La réalisation de cet aménagement , dénommé « complexe d' échanges de la Porte de Bagnolet » , nécessite le travail en commun de plusieurs maîtres d' ouvrage : l' État pour l' autoroute et ses bretelles de raccordement , le Département pour le [parking] semi-enterré de 2 200 places sur trois niveaux , la RATP pour la station de métro et la gare routière et la Ville de Paris pour les aménagements liés au tronçon du Boulevard périphérique de 525 mètres de longueur .;parking
0;La mairie de Barjac y est installée depuis 2008  l' escalier monumental de la Calade.À. cela s' ajoutent un patrimoine religieux monumental : l' église des Capucins  l' église Saint-Laurent  le monastère des Capucins et son parc qui abrite l' une des plus vieilles [bambouseraies] de France  la chapelle de la Plaine  La chapelle Notre-Dame .;bambouseraies
0;La [barre] des 720 000 voyages a été atteinte en un peu moins d' un an et le millionième voyage est atteint en 2018 , événement fêté le 16 juin .;barre
0;Ces indicateurs permettent également d' alimenter les 326 panneaux à messages variables sur les temps de [parcours] nécessaires avant d' atteindre le prochain pôle autoroutier ou axe important ( N13 porte Maillot , par exemple ) ou la prochaine porte .;parcours
1;(4) Prendre à gauche et continuer tout droit en ignorant la [route] qui part à droite en direction de la zone artisanale.;route
1;A l'embranchement suivant, prendre de nouveau le [chemin] de droite, toujours en direction du belvédère.;chemin
1;Atteindre un [carrefour].;carrefour
1;"Passer devant le superbe ""Refuge du Pré Molard"" (11) et ses splendides abords pour rejoindre la large piste qui vous redescendra au ""Clos"" (2) (1)puis par la même piste qu'à l'aller au [parking] de départ.Points de passage : D/A : km 0 - alt.";parking
1;Traverser celle-ci et deux solutions sont possibles, prendre la [trace] à flanc de coteau par la gauche (à éviter par temps humide) ou bien afin de jouir du panorama sur le lac longer la route le long de la bordure en béton côté route s'il n'y a pas de circulation ou côté herbe plus tranquille.;trace
0;Cette condition n' est pas souvent remplie  la diffusion radio en grandes ondes se fait entre 150 et 300 kHz pour des bandes passantes dont la [borne] supérieure atteint ou dépasse les 10 kHz .;borne
1;(2) Au carrefour nommé Vira Gros Jean (poteau indicateur à main droite), virer à gauche, le [chemin] grimpe tranquillement.;chemin
0;"Rester rive droite du lac et suivre le sentier sur 200m environ et trouver la sente (GR549) (5)qui monte raide dans le mouvement de [terrain] à gauche en direction du ""Lac du Loup"" alt 2258m (6)puis ""Col du Loup"" point culminant de cette randonnée(7).";terrain
1;  Situation et accès   Douze grandes [avenues] rectilignes débouchent sur cette place et forment une étoile .;avenues
0;plonger dans la descente en direction de chaillol station - le chevalet, toujours par le même sentier qu’à la [montée]. ;montée
0;La remontée mécanique peut être un appareil au sol , transportant des véhicules ou des personnes directement sur une « piste » tracée à même le terrain ( téléski ) , sur rails ( funiculaire , ascenseur incliné et [chemin] de fer à crémaillère ) ou via un tapis roulant .;chemin
1;(7) Obliquer Sud-Est et descendre au mieux de larges pentes peu raides, qui conduisent à la bergerie puis à la [bifurcation] repérée à la montée.;bifurcation
0;VoIP : réseau de téléphonie où la « voix » transite par les mêmes [circuits] que les données informatiques .;circuits
0;Quick déploie les [bornes] de commande et le libre service des boissons .;bornes
1;(7) du [lac],  retourner à la cabane des parisiens.;lac
1;Ce complexe comprendra notamment une piscine aux dimensions olympiques , des [bassins] ludiques et une patinoire publique .;bassins
1;N'en faites rien et tournez à droite (Sud) sur le [chemin] enherbé.;chemin
1;Poursuivre le [chemin] au-dessus de la station et passer sous le télésiège du Clot Chenu.;chemin
1;(4) Prendre à gauche et continuer tout droit en ignorant la route qui part à droite en direction de la [zone] artisanale.;zone
1;Laisser un [chemin] à gauche, continuer sur la droite à l'embranchement et poursuivre en gardant une direction générale Ouest.;chemin
0;Les tramways bénéficient d' un système de priorité aux [carrefours] comportant des feux .;carrefours
1;prendre à gauche la direction du col de la pisse sur le sentier balisé jaune et rouge, ce sentier chemine dans la [forêt] en montée progressive mais pas trop prononcée.;forêt
1;(D/A) Monter en direction de l'église puis prendre la [route] à droite.;route
0;Pour le remplacement d' éléments endommagés , il convient de mettre en place une structure de soutien provisoire pour éviter que le remplacement d’une [barre] ou d’un treillis métallique ne mette en péril la structure .;barre
1;"Arrivé au refuge de Gève, prendre la direction ""Stèle de l'avion"" par la [voie] empierrée en laissant le chemin de droite.";voie
0;Les locomotives utilisées sont équipées d' une ou plusieurs roues motrices dentées qui viennent s' engrener sur ce rail , permettant aux convois de gravir des [pentes] jusqu' à 48 % .;pentes
1;A cet endroit prendre NW un large [chemin] que l'on abandonne 200m (4) plus loin pour suivre un autre chemin orienté au départ NNW qui va nous conduire à traverser à nouveau la D285 pour rejoindre le joli petit hameau des Martinons que l'on dépassera.;chemin
0;À cause de la concentration d' usagers , les parcs relais sont souvent desservis par des [circuits] expresses comportant peu d' arrêts avant la destination finale et utilisant des voies réservées .;circuits
0;(2) Reprendre l'itinéraire aller pour rejoindre le parking (D/A).Points de [passage] : D/A : km 0 - alt.;passage
1;Continuer sur le même chemin, laisser partir le chemin à droite et poursuivre sur le [chemin].;chemin
1;(1) avant celui-ci descendre par la droite pour rejoindre la d269c, traverser bresson, couper par le [château] pour rejoindre au niveau du réservoir la piste qui part en forêt.;château
0;Le [pic] de fréquentation journalière a été atteint le 14 février 2017 , avec 6 000 passagers ce jour -là sur une semaine de vacances scolaires où la fréquentation moyenne journalière était de 4 800 passagers  la ligne est très fréquentée l' après-midi , la file d' attente peut avoisiner la demi-heure , et il arrive que les agents de régulation empêchent la foule de monter afin de ne pas dépasser la capacité maximale de 60 personnes par cabine .;pic
0;Ces communautés sans plus de prêtre à leurs côtés depuis lors , survivent néanmoins par l' organisation laïque de l' enseignement religieux et du culte sans messe , les prières étant désormais dites à la maison ou dans des [chapelles] ( comme en Poitou ou en Belgique ) .;chapelles
0;Le pont de 1984    Le pont actuel a été reconstruit entre 1981 et 1984 « à l' identique » selon les plans de Louis Arretche , qui a diminué le nombre des [arches] ( sept au lieu de huit ) , ce qui permet leur alignement sur celles du pont Neuf , tout en reprenant l' aspect de l' ancienne passerelle .;arches
1;Atteindre avant Grand Serre un nouveau [carrefour] de sentiers.;carrefour
0;Bien que sa garde au sol soit de 60 cm et qu' il puisse monter des [pentes] de 50 ° , les premières manœuvres peuvent être délicates si la zone d' atterrissage s' avère peu propice .;pentes
0;Il permet ainsi de contourner une ville de l' extérieur ( comme le fait une ceinture périphérique , comme à Paris , les boulevards des Maréchaux , construits à l' emplacement de l' enceinte de Thiers ) , doublé ultérieurement par le [boulevard] périphérique .;boulevard
0;il faudra se trouver un passage en essayant de ne [pas] trop suivre les cairns qui partent à gauche, mais plutôt ceux de droite.;pas
0;Les [passerelles] ont une position par rapport au sol supérieure à 0 » .;passerelles
1;Prendre à gauche en direction des Fermes et arrivé à celles-ci redescendre sur la [route]. ;route
1;Initialement , le parking et la gare routière devaient être construits de part et d' autre des bretelles de raccordement de l' autoroute au Boulevard périphérique : un [bâtiment] de 7 500 m2 au nord dédié uniquement au stationnement , un bâtiment au sud de 6 500 m2 abritant la gare routière au rez-de-chaussée , un parc de stationnement dans les étages et des locaux à usage administratif ou commercial sur la façade sud-est .;bâtiment
0;La voiture est transformée à la hâte , des ressorts y étant ajoutés , et Gil Delamare réalise finalement la [cascade] , poussé par une voiture américaine à 100 km / h , sans problème .;cascade
0;Cette solution n' est toutefois [pas] considérée comme mettant un terme au dossier juridique .;pas
1;continuer sur ce même sentier pour passer deux nouveaux [cols] jusqu'au col des lessines (5) qui surplombe les lacs robert.;cols
1;(7) Prendre à gauche puis, au feu, bifurquer à droite, traverser la Rue Général de Gaulle pour rejoindre le [parking] et le point de départ (D/A).Points de passage : D/A : km 0 - alt.;parking
1;Arriver sur le [plateau],  non loin des bâtiments de l'arrivée du téléphérique.;plateau
1;"Descendre à gauche sur 50m puis prendre un chemin qui part sur la droite et monte légèrement dans le [bois] en longeant plus ou moins près une clôture et rejoint une piste qui mène au ""Parc Aventure"".";bois
1;(6) redescendre par le même chemin (si vous retrouvez les même [cairns]) ou par une autre trace, jusqu’à la cabane des parisiens.;cairns
1;(9) Emprunter la [passerelle],  poursuivre rive droite, atteindre une partie boisée au niveau des ruines du Clot.;passerelle
0;Lieu de travail des paysans de montagne en altitude , les [chalets] d' alpage sont le plus souvent en pierres , matériau aisément disponible sur place .;chalets
0;Les produits détournés des [circuits] officiels de rationnement sont vendus illégalement à des prix plus élevés .;circuits
1;(6) De celui-ci surtout ne pas continuer sur le [sentier] marqué sur la carte IGN, il n'est plus praticable.;sentier
1;Parvenir à un col,  [carrefour de sentiers].;carrefour de sentiers
1;(12) À partir de là, le sentier s'élargit jusqu'à devenir une piste le long de la Rivière Séveraisse, jusqu'au Bourg et son [pont].;pont
0;S' ils sont sous la forme d' un poteau d' environ un mètre de haut , on parle alors de poteau d' incendie ( PI ) , de [borne] d' incendie , de borne hydrante ou de borne-fontaine en français canadien .;borne
0;Après un lacet, progresser sans [sentier] dans une pente herbeuse et un peu boisée.;sentier
